Project,Package,Smell,Description
java,<All packages>,Dense Structure, The tool detected the smell because all the analyzed components exhibit excessive and dense dependencies among themselves. Average degree = 10.92. All the dependencies among components: from: org.apache.roller.planet.config to: org.apache.roller.weblogger.config.runtime; from: org.apache.roller.planet.config to: org.apache.roller.weblogger.business; from: org.apache.roller.planet.business to: org.apache.roller.planet.pojos; from: org.apache.roller.planet.business to: org.apache.roller; from: org.apache.roller.planet.business to: org.apache.roller.weblogger; from: org.apache.roller.planet.business to: org.apache.roller.weblogger.config; from: org.apache.roller.planet.business to: org.apache.roller.weblogger.business; from: org.apache.roller.planet.business to: org.apache.roller.planet.business.fetcher; from: org.apache.roller.planet.business.updater to: org.apache.roller.planet.pojos; from: org.apache.roller.planet.business.updater to: org.apache.roller.planet.business.fetcher; from: org.apache.roller.planet.business.updater to: org.apache.roller.planet.business; from: org.apache.roller.planet.business.updater to: org.apache.roller.weblogger.business; from: org.apache.roller.planet.business.updater to: org.apache.roller.weblogger.config; from: org.apache.roller.planet.business.updater to: org.apache.roller.util; from: org.apache.roller.planet.business.jpa to: org.apache.roller.weblogger.business.jpa; from: org.apache.roller.planet.business.jpa to: org.apache.roller.planet.business; from: org.apache.roller.planet.business.jpa to: org.apache.roller.weblogger.business; from: org.apache.roller.planet.business.jpa to: org.apache.roller.planet.business.fetcher; from: org.apache.roller.planet.business.jpa to: org.apache.roller; from: org.apache.roller.planet.business.jpa to: org.apache.roller.planet.pojos; from: org.apache.roller.planet.business.jpa to: org.apache.roller.weblogger; from: org.apache.roller.planet.business.jpa to: org.apache.roller.util; from: org.apache.roller.planet.business.fetcher to: org.apache.roller.planet.pojos; from: org.apache.roller.planet.tasks to: org.apache.roller.planet.business; from: org.apache.roller.planet.tasks to: org.apache.roller.weblogger.business; from: org.apache.roller.planet.tasks to: org.apache.roller; from: org.apache.roller.planet.tasks to: org.apache.roller.planet.pojos; from: org.apache.roller.planet.tasks to: org.apache.roller.weblogger.config; from: org.apache.roller.planet.tasks to: org.apache.roller.planet.business.updater; from: org.apache.roller.planet.tasks to: org.apache.roller.weblogger.business.startup; from: org.apache.roller.planet.pojos to: org.apache.roller.weblogger.util; from: org.apache.roller.planet.pojos to: org.apache.roller.planet.business; from: org.apache.roller.planet.pojos to: org.apache.roller.weblogger.business; from: org.apache.roller.weblogger.config to: org.apache.roller.weblogger.config.runtime; from: org.apache.roller.weblogger.config to: org.apache.roller.weblogger.business; from: org.apache.roller.weblogger.config to: org.apache.roller.weblogger.pojos; from: org.apache.roller.weblogger.config to: org.apache.roller.weblogger.business.pings; from: org.apache.roller.weblogger.config to: org.apache.roller.weblogger; from: org.apache.roller.weblogger.webservices.xmlrpc to: org.apache.roller.weblogger.pojos; from: org.apache.roller.weblogger.webservices.xmlrpc to: org.apache.roller.weblogger.business; from: org.apache.roller.weblogger.webservices.xmlrpc to: org.apache.roller.weblogger.util; from: org.apache.roller.weblogger.webservices.xmlrpc to: org.apache.roller.weblogger.config; from: org.apache.roller.weblogger.webservices.xmlrpc to: org.apache.roller.util; from: org.apache.roller.weblogger.webservices.xmlrpc to: org.apache.roller.weblogger.ui.core; from: org.apache.roller.weblogger.webservices.opensearch to: org.apache.roller.weblogger.pojos; from: org.apache.roller.weblogger.webservices.opensearch to: org.apache.roller.weblogger.business; from: org.apache.roller.weblogger.webservices.opensearch to: org.apache.roller.weblogger.util; from: org.apache.roller.weblogger.webservices.opensearch to: org.apache.roller.weblogger.config; from: org.apache.roller.weblogger.webservices.tagdata to: org.apache.roller.weblogger.business; from: org.apache.roller.weblogger.webservices.tagdata to: org.apache.roller.weblogger.pojos; from: org.apache.roller.weblogger.webservices.tagdata to: org.apache.roller.weblogger.util; from: org.apache.roller.weblogger.webservices.tagdata to: org.apache.roller.weblogger.config; from: org.apache.roller.weblogger.webservices.atomprotocol to: org.apache.roller.weblogger.business; from: org.apache.roller.weblogger.webservices.atomprotocol to: org.apache.roller.weblogger.pojos; from: org.apache.roller.weblogger.webservices.atomprotocol to: org.apache.roller.weblogger.util; from: org.apache.roller.weblogger.webservices.atomprotocol to: org.apache.roller.weblogger.config; from: org.apache.roller.weblogger.webservices.atomprotocol to: org.apache.roller.weblogger; from: org.apache.roller.weblogger.webservices.atomprotocol to: org.apache.roller.weblogger.business.search; from: org.apache.roller.weblogger.webservices.atomprotocol to: org.apache.roller.weblogger.ui.core; from: org.apache.roller.weblogger.webservices.atomprotocol to: org.apache.roller.util; from: org.apache.roller.weblogger.webservices.oauth to: org.apache.roller.weblogger.business; from: org.apache.roller.weblogger.business to: org.apache.roller.weblogger.config; from: org.apache.roller.weblogger.business to: org.apache.roller.weblogger.pojos; from: org.apache.roller.weblogger.business to: org.apache.roller.weblogger.util; from: org.apache.roller.weblogger.business to: org.apache.roller.util; from: org.apache.roller.weblogger.business to: org.apache.roller.weblogger.business.pings; from: org.apache.roller.weblogger.business to: org.apache.roller.weblogger.business.search; from: org.apache.roller.weblogger.business to: org.apache.roller.weblogger.business.plugins; from: org.apache.roller.weblogger.business to: org.apache.roller.weblogger.business.themes; from: org.apache.roller.weblogger.business to: org.apache.roller.weblogger.business.runnable; from: org.apache.roller.weblogger.business to: org.apache.roller.planet.business.fetcher; from: org.apache.roller.weblogger.business to: org.apache.roller.planet.business; from: org.apache.roller.weblogger.business to: org.apache.roller.weblogger; from: org.apache.roller.weblogger.business to: org.apache.roller.weblogger.business.startup; from: org.apache.roller.weblogger.business.plugins.entry to: org.apache.roller.weblogger.pojos; from: org.apache.roller.weblogger.business.plugins.entry to: org.apache.roller.weblogger; from: org.apache.roller.weblogger.business.plugins.entry to: org.apache.roller.util; from: org.apache.roller.weblogger.business.plugins.entry to: org.apache.roller.weblogger.config; from: org.apache.roller.weblogger.business.plugins to: org.apache.roller.weblogger.pojos; from: org.apache.roller.weblogger.business.plugins to: org.apache.roller.weblogger.business.plugins.entry; from: org.apache.roller.weblogger.business.plugins to: org.apache.roller.weblogger.util; from: org.apache.roller.weblogger.business.plugins to: org.apache.roller.weblogger.config; from: org.apache.roller.weblogger.business.plugins.comment to: org.apache.roller.weblogger.pojos; from: org.apache.roller.weblogger.business.plugins.comment to: org.apache.roller.weblogger.util; from: org.apache.roller.weblogger.business.search.lucene to: org.apache.roller.weblogger.pojos; from: org.apache.roller.weblogger.business.search.lucene to: org.apache.roller.weblogger.business; from: org.apache.roller.weblogger.business.search.lucene to: org.apache.roller.util; from: org.apache.roller.weblogger.business.search.lucene to: org.apache.roller.weblogger.business.search; from: org.apache.roller.weblogger.business.search.lucene to: org.apache.roller.weblogger.config; from: org.apache.roller.weblogger.business.search.lucene to: org.apache.roller.weblogger; from: org.apache.roller.weblogger.business.search.lucene to: org.apache.roller.weblogger.pojos.wrapper; from: org.apache.roller.weblogger.business.search to: org.apache.roller.weblogger.business; from: org.apache.roller.weblogger.business.search to: org.apache.roller.weblogger.pojos; from: org.apache.roller.weblogger.business.search to: org.apache.roller.weblogger; from: org.apache.roller.weblogger.business.jpa to: org.apache.roller.weblogger.pojos; from: org.apache.roller.weblogger.business.jpa to: org.apache.roller.weblogger; from: org.apache.roller.weblogger.business.jpa to: org.apache.roller.weblogger.config; from: org.apache.roller.weblogger.business.jpa to: org.apache.roller.weblogger.business; from: org.apache.roller.weblogger.business.jpa to: org.apache.roller.weblogger.business.pings; from: org.apache.roller.weblogger.business.jpa to: org.apache.roller.weblogger.business.runnable; from: org.apache.roller.weblogger.business.jpa to: org.apache.roller.weblogger.business.search.lucene; from: org.apache.roller.weblogger.business.jpa to: org.apache.roller.weblogger.business.search; from: org.apache.roller.weblogger.business.jpa to: org.apache.roller.weblogger.business.plugins; from: org.apache.roller.weblogger.business.jpa to: org.apache.roller.weblogger.business.themes; from: org.apache.roller.weblogger.business.jpa to: org.apache.roller.planet.business; from: org.apache.roller.weblogger.business.jpa to: org.apache.roller.planet.business.jpa; from: org.apache.roller.weblogger.business.jpa to: org.apache.roller.weblogger.planet.business; from: org.apache.roller.weblogger.business.jpa to: org.apache.roller.planet.business.fetcher; from: org.apache.roller.weblogger.business.jpa to: org.apache.roller.util; from: org.apache.roller.weblogger.business.jpa to: org.apache.roller.weblogger.util; from: org.apache.roller.weblogger.business.jpa to: org.apache.roller.weblogger.config.runtime; from: org.apache.roller.weblogger.business.pings to: org.apache.roller.weblogger; from: org.apache.roller.weblogger.business.pings to: org.apache.roller.weblogger.business; from: org.apache.roller.weblogger.business.pings to: org.apache.roller.weblogger.business.runnable; from: org.apache.roller.weblogger.business.pings to: org.apache.roller.weblogger.pojos; from: org.apache.roller.weblogger.business.pings to: org.apache.roller.weblogger.config; from: org.apache.roller.weblogger.business.themes to: org.apache.roller.weblogger.pojos; from: org.apache.roller.weblogger.business.themes to: org.apache.roller.weblogger.business; from: org.apache.roller.weblogger.business.themes to: org.apache.roller.weblogger.config; from: org.apache.roller.weblogger.business.themes to: org.apache.roller.weblogger; from: org.apache.roller.weblogger.business.themes to: org.apache.roller.weblogger.util; from: org.apache.roller.weblogger.business.startup to: org.apache.roller.weblogger.business; from: org.apache.roller.weblogger.business.startup to: org.apache.roller.weblogger.config; from: org.apache.roller.weblogger.business.runnable to: org.apache.roller.weblogger.pojos; from: org.apache.roller.weblogger.business.runnable to: org.apache.roller.weblogger.config; from: org.apache.roller.weblogger.business.runnable to: org.apache.roller.weblogger.util; from: org.apache.roller.weblogger.business.runnable to: org.apache.roller.weblogger.business; from: org.apache.roller.weblogger.business.runnable to: org.apache.roller.util; from: org.apache.roller.weblogger.business.runnable to: org.apache.roller.weblogger; from: org.apache.roller.weblogger.business.runnable to: org.apache.roller.weblogger.business.search; from: org.apache.roller.weblogger.business.runnable to: org.apache.roller.weblogger.util.cache; from: org.apache.roller.weblogger.ui.struts2.editor to: org.apache.roller.weblogger.pojos; from: org.apache.roller.weblogger.ui.struts2.editor to: org.apache.roller.weblogger.business.themes; from: org.apache.roller.weblogger.ui.struts2.editor to: org.apache.roller.weblogger.business; from: org.apache.roller.weblogger.ui.struts2.editor to: org.apache.roller.weblogger; from: org.apache.roller.weblogger.ui.struts2.editor to: org.apache.roller.weblogger.ui.core.plugins; from: org.apache.roller.weblogger.ui.struts2.editor to: org.apache.roller.weblogger.business.plugins; from: org.apache.roller.weblogger.ui.struts2.editor to: org.apache.roller.weblogger.ui.core; from: org.apache.roller.weblogger.ui.struts2.editor to: org.apache.roller.weblogger.config; from: org.apache.roller.weblogger.ui.struts2.editor to: org.apache.roller.weblogger.util; from: org.apache.roller.weblogger.ui.struts2.editor to: org.apache.roller.weblogger.business.search; from: org.apache.roller.weblogger.ui.struts2.editor to: org.apache.roller.util; from: org.apache.roller.weblogger.ui.struts2.editor to: org.apache.roller.weblogger.util.cache; from: org.apache.roller.weblogger.ui.struts2.editor to: org.apache.roller.weblogger.ui.struts2.pagers; from: org.apache.roller.weblogger.ui.struts2.editor to: org.apache.roller.weblogger.ui.struts2.util; from: org.apache.roller.weblogger.ui.struts2.editor to: org.apache.roller.weblogger.business.pings; from: org.apache.roller.weblogger.ui.struts2.ajax to: org.apache.roller.weblogger.pojos; from: org.apache.roller.weblogger.ui.struts2.ajax to: org.apache.roller.weblogger.business; from: org.apache.roller.weblogger.ui.struts2.ajax to: org.apache.roller.weblogger.ui.core; from: org.apache.roller.weblogger.ui.struts2.ajax to: org.apache.roller.weblogger.util; from: org.apache.roller.weblogger.ui.struts2.ajax to: org.apache.roller.weblogger.ui.rendering.util; from: org.apache.roller.weblogger.ui.struts2.ajax to: org.apache.roller.weblogger.business.themes; from: org.apache.roller.weblogger.ui.struts2.pagers to: org.apache.roller.weblogger.util; from: org.apache.roller.weblogger.ui.struts2.core to: org.apache.roller.weblogger.pojos; from: org.apache.roller.weblogger.ui.struts2.core to: org.apache.roller.weblogger.business; from: org.apache.roller.weblogger.ui.struts2.core to: org.apache.roller.weblogger.config; from: org.apache.roller.weblogger.ui.struts2.core to: org.apache.roller.weblogger.util; from: org.apache.roller.weblogger.ui.struts2.core to: org.apache.roller.weblogger.business.themes; from: org.apache.roller.weblogger.ui.struts2.core to: org.apache.roller.weblogger.business.startup; from: org.apache.roller.weblogger.ui.struts2.core to: org.apache.roller.weblogger.ui.core.security; from: org.apache.roller.weblogger.ui.struts2.core to: org.apache.roller.weblogger; from: org.apache.roller.weblogger.ui.struts2.core to: org.apache.roller.weblogger.ui.core; from: org.apache.roller.weblogger.ui.struts2.admin to: org.apache.roller.weblogger.pojos; from: org.apache.roller.weblogger.ui.struts2.admin to: org.apache.roller.weblogger.business.pings; from: org.apache.roller.weblogger.ui.struts2.admin to: org.apache.roller.weblogger.business; from: org.apache.roller.weblogger.ui.struts2.admin to: org.apache.roller.weblogger.util; from: org.apache.roller.weblogger.ui.struts2.admin to: org.apache.roller.util; from: org.apache.roller.weblogger.ui.struts2.admin to: org.apache.roller.weblogger.util.cache; from: org.apache.roller.weblogger.ui.struts2.admin to: org.apache.roller.weblogger.config.runtime; from: org.apache.roller.weblogger.ui.struts2.admin to: org.apache.roller.weblogger.business.plugins; from: org.apache.roller.weblogger.ui.struts2.admin to: org.apache.roller.weblogger.config; from: org.apache.roller.weblogger.ui.struts2.admin to: org.apache.roller.weblogger.ui.core; from: org.apache.roller.weblogger.ui.struts2.admin to: org.apache.roller.weblogger.ui.struts2.core; from: org.apache.roller.weblogger.ui.struts2.admin to: org.apache.roller.weblogger.ui.struts2.pagers; from: org.apache.roller.weblogger.ui.struts2.util to: org.apache.roller.weblogger.business; from: org.apache.roller.weblogger.ui.struts2.util to: org.apache.roller.weblogger.pojos; from: org.apache.roller.weblogger.ui.struts2.util to: org.apache.roller.weblogger.ui.core; from: org.apache.roller.weblogger.ui.struts2.util to: org.apache.roller.weblogger.config; from: org.apache.roller.weblogger.ui.struts2.util to: org.apache.roller.weblogger.ui.core.util.menu; from: org.apache.roller.weblogger.ui.core.tags.calendar to: org.apache.roller.weblogger.pojos; from: org.apache.roller.weblogger.ui.core.tags.calendar to: org.apache.roller.weblogger.ui.rendering.util; from: org.apache.roller.weblogger.ui.core.tags.calendar to: org.apache.roller.weblogger.business; from: org.apache.roller.weblogger.ui.core.tags.calendar to: org.apache.roller.util; from: org.apache.roller.weblogger.ui.core to: org.apache.roller.weblogger.ui.core.plugins; from: org.apache.roller.weblogger.ui.core to: org.apache.roller.weblogger.business; from: org.apache.roller.weblogger.ui.core to: org.apache.roller.weblogger.config; from: org.apache.roller.weblogger.ui.core to: org.apache.roller.weblogger.business.startup; from: org.apache.roller.weblogger.ui.core to: org.apache.roller.weblogger.util.cache; from: org.apache.roller.weblogger.ui.core to: org.apache.roller.weblogger; from: org.apache.roller.weblogger.ui.core to: org.apache.roller.weblogger.ui.core.security; from: org.apache.roller.weblogger.ui.core to: org.apache.roller.weblogger.util; from: org.apache.roller.weblogger.ui.core to: org.apache.roller.weblogger.pojos; from: org.apache.roller.weblogger.ui.core.plugins to: org.apache.roller.weblogger.config; from: org.apache.roller.weblogger.ui.core.plugins to: org.apache.roller.weblogger.util; from: org.apache.roller.weblogger.ui.core.filters to: org.apache.roller.weblogger.ui.core; from: org.apache.roller.weblogger.ui.core.filters to: org.apache.roller.weblogger.ui.rendering.util.cache; from: org.apache.roller.weblogger.ui.core.filters to: org.apache.roller.weblogger.config; from: org.apache.roller.weblogger.ui.core.filters to: org.apache.roller.weblogger.business; from: org.apache.roller.weblogger.ui.core.filters to: org.apache.roller.weblogger.pojos; from: org.apache.roller.weblogger.ui.core.filters to: org.apache.roller.weblogger.util; from: org.apache.roller.weblogger.ui.core.util.menu to: org.apache.roller.weblogger.pojos; from: org.apache.roller.weblogger.ui.core.util.menu to: org.apache.roller.weblogger.business; from: org.apache.roller.weblogger.ui.core.util.menu to: org.apache.roller.weblogger; from: org.apache.roller.weblogger.ui.core.util.menu to: org.apache.roller.weblogger.config; from: org.apache.roller.weblogger.ui.core.util.menu to: org.apache.roller.weblogger.util; from: org.apache.roller.weblogger.ui.core.security to: org.apache.roller.weblogger.pojos; from: org.apache.roller.weblogger.ui.core.security to: org.apache.roller.weblogger.config; from: org.apache.roller.weblogger.ui.core.security to: org.apache.roller.weblogger.business; from: org.apache.roller.weblogger.ui.core.security to: org.apache.roller.util; from: org.apache.roller.weblogger.ui.core.security to: org.apache.roller.weblogger; from: org.apache.roller.weblogger.ui.rendering to: org.apache.roller.weblogger.pojos; from: org.apache.roller.weblogger.ui.rendering to: org.apache.roller.weblogger.ui.rendering.mobile; from: org.apache.roller.weblogger.ui.rendering to: org.apache.roller.weblogger.config; from: org.apache.roller.weblogger.ui.rendering to: org.apache.roller.weblogger.business; from: org.apache.roller.weblogger.ui.rendering.plugins.comments to: org.apache.roller.weblogger.config; from: org.apache.roller.weblogger.ui.rendering.plugins.comments to: org.apache.roller.weblogger.pojos; from: org.apache.roller.weblogger.ui.rendering.plugins.comments to: org.apache.roller.weblogger.util; from: org.apache.roller.weblogger.ui.rendering.plugins.comments to: org.apache.roller.weblogger.business; from: org.apache.roller.weblogger.ui.rendering.plugins.comments to: org.apache.roller.util; from: org.apache.roller.weblogger.ui.rendering.model to: org.apache.roller.weblogger.ui.rendering.util; from: org.apache.roller.weblogger.ui.rendering.model to: org.apache.roller.weblogger; from: org.apache.roller.weblogger.ui.rendering.model to: org.apache.roller.weblogger.pojos.wrapper; from: org.apache.roller.weblogger.ui.rendering.model to: org.apache.roller.weblogger.ui.core.tags.calendar; from: org.apache.roller.weblogger.ui.rendering.model to: org.apache.roller.weblogger.pojos; from: org.apache.roller.weblogger.ui.rendering.model to: org.apache.roller.weblogger.business; from: org.apache.roller.weblogger.ui.rendering.model to: org.apache.roller.weblogger.util; from: org.apache.roller.weblogger.ui.rendering.model to: org.apache.roller.weblogger.ui.rendering.pagers; from: org.apache.roller.weblogger.ui.rendering.model to: org.apache.roller.weblogger.business.search; from: org.apache.roller.weblogger.ui.rendering.model to: org.apache.roller.weblogger.config; from: org.apache.roller.weblogger.ui.rendering.model to: org.apache.roller.planet.business; from: org.apache.roller.weblogger.ui.rendering.model to: org.apache.roller.planet.pojos; from: org.apache.roller.weblogger.ui.rendering.model to: org.apache.roller.util; from: org.apache.roller.weblogger.ui.rendering.model to: org.apache.roller.weblogger.business.jpa; from: org.apache.roller.weblogger.ui.rendering.model to: org.apache.roller.weblogger.ui.core.util.menu; from: org.apache.roller.weblogger.ui.rendering.velocity to: org.apache.roller.weblogger.ui.rendering.mobile; from: org.apache.roller.weblogger.ui.rendering.velocity to: org.apache.roller.weblogger.ui.core; from: org.apache.roller.weblogger.ui.rendering.velocity to: org.apache.roller.weblogger.pojos; from: org.apache.roller.weblogger.ui.rendering.velocity to: org.apache.roller.weblogger.business; from: org.apache.roller.weblogger.ui.rendering.velocity to: org.apache.roller.weblogger.ui.rendering; from: org.apache.roller.weblogger.ui.rendering.velocity to: org.apache.roller.util; from: org.apache.roller.weblogger.ui.rendering.velocity to: org.apache.roller.weblogger.business.themes; from: org.apache.roller.weblogger.ui.rendering.servlets to: org.apache.roller.weblogger.ui.rendering.util.cache; from: org.apache.roller.weblogger.ui.rendering.servlets to: org.apache.roller.weblogger.pojos; from: org.apache.roller.weblogger.ui.rendering.servlets to: org.apache.roller.weblogger.ui.rendering.util; from: org.apache.roller.weblogger.ui.rendering.servlets to: org.apache.roller.weblogger.util.cache; from: org.apache.roller.weblogger.ui.rendering.servlets to: org.apache.roller.weblogger.business; from: org.apache.roller.weblogger.ui.rendering.servlets to: org.apache.roller.weblogger.ui.rendering; from: org.apache.roller.weblogger.ui.rendering.servlets to: org.apache.roller.weblogger.config; from: org.apache.roller.weblogger.ui.rendering.servlets to: org.apache.roller.weblogger.ui.rendering.model; from: org.apache.roller.weblogger.ui.rendering.servlets to: org.apache.roller.weblogger.ui.rendering.mobile; from: org.apache.roller.weblogger.ui.rendering.servlets to: org.apache.roller.util; from: org.apache.roller.weblogger.ui.rendering.servlets to: org.apache.roller.weblogger.business.themes; from: org.apache.roller.weblogger.ui.rendering.servlets to: org.apache.roller.weblogger.ui.core; from: org.apache.roller.weblogger.ui.rendering.servlets to: org.apache.roller.weblogger.util; from: org.apache.roller.weblogger.ui.rendering.servlets to: org.apache.roller.planet.business; from: org.apache.roller.weblogger.ui.rendering.servlets to: org.apache.roller.planet.pojos; from: org.apache.roller.weblogger.ui.rendering.servlets to: org.apache.roller.planet.config; from: org.apache.roller.weblogger.ui.rendering.servlets to: org.apache.roller.weblogger.ui.rendering.plugins.comments; from: org.apache.roller.weblogger.ui.rendering.servlets to: org.apache.roller.weblogger.business.search; from: org.apache.roller.weblogger.ui.rendering.filters to: org.apache.roller.weblogger.util; from: org.apache.roller.weblogger.ui.rendering.filters to: org.apache.roller.weblogger.ui.rendering.util.mobile; from: org.apache.roller.weblogger.ui.rendering.pagers to: org.apache.roller.weblogger.business; from: org.apache.roller.weblogger.ui.rendering.pagers to: org.apache.roller.weblogger.pojos; from: org.apache.roller.weblogger.ui.rendering.pagers to: org.apache.roller.util; from: org.apache.roller.weblogger.ui.rendering.pagers to: org.apache.roller.weblogger.pojos.wrapper; from: org.apache.roller.weblogger.ui.rendering.pagers to: org.apache.roller.weblogger.util; from: org.apache.roller.weblogger.ui.rendering.pagers to: org.apache.roller.weblogger.config; from: org.apache.roller.weblogger.ui.rendering.pagers to: org.apache.roller.weblogger.ui.rendering.util; from: org.apache.roller.weblogger.ui.rendering.pagers to: org.apache.roller.planet.business; from: org.apache.roller.weblogger.ui.rendering.pagers to: org.apache.roller.planet.pojos; from: org.apache.roller.weblogger.ui.rendering.util to: org.apache.roller.weblogger.pojos; from: org.apache.roller.weblogger.ui.rendering.util to: org.apache.roller.weblogger.business; from: org.apache.roller.weblogger.ui.rendering.util to: org.apache.roller.weblogger.ui.rendering.mobile; from: org.apache.roller.weblogger.ui.rendering.util to: org.apache.roller.weblogger.util; from: org.apache.roller.weblogger.ui.rendering.util to: org.apache.roller.util; from: org.apache.roller.weblogger.ui.rendering.util to: org.apache.roller.weblogger.config; from: org.apache.roller.weblogger.ui.rendering.util to: org.apache.roller.weblogger.pojos.wrapper; from: org.apache.roller.weblogger.ui.rendering.util to: org.apache.roller.weblogger.business.themes; from: org.apache.roller.weblogger.ui.rendering.util.cache to: org.apache.roller.weblogger.util.cache; from: org.apache.roller.weblogger.ui.rendering.util.cache to: org.apache.roller.weblogger.config; from: org.apache.roller.weblogger.ui.rendering.util.cache to: org.apache.roller.weblogger.ui.rendering.util; from: org.apache.roller.weblogger.ui.rendering.util.cache to: org.apache.roller.util; from: org.apache.roller.weblogger.ui.rendering.util.cache to: org.apache.roller.weblogger.util; from: org.apache.roller.weblogger.ui.rendering.util.cache to: org.apache.roller.weblogger.pojos; from: org.apache.roller.weblogger.ui.rendering.util.cache to: org.apache.roller.weblogger.ui.rendering; from: org.apache.roller.weblogger.ui.rendering.util.cache to: org.apache.roller.weblogger.ui.rendering.model; from: org.apache.roller.weblogger.planet.business to: org.apache.roller.planet.pojos; from: org.apache.roller.weblogger.planet.business to: org.apache.roller.weblogger.pojos; from: org.apache.roller.weblogger.planet.business to: org.apache.roller.weblogger.business; from: org.apache.roller.weblogger.planet.business to: org.apache.roller.weblogger.business.plugins; from: org.apache.roller.weblogger.planet.business to: org.apache.roller.weblogger.config; from: org.apache.roller.weblogger.planet.business to: org.apache.roller.planet.business.fetcher; from: org.apache.roller.weblogger.planet.ui to: org.apache.roller.planet.pojos; from: org.apache.roller.weblogger.planet.ui to: org.apache.roller.planet.business; from: org.apache.roller.weblogger.planet.ui to: org.apache.roller.weblogger.business; from: org.apache.roller.weblogger.planet.ui to: org.apache.roller.planet.business.fetcher; from: org.apache.roller.weblogger.planet.ui to: org.apache.roller.weblogger.pojos; from: org.apache.roller.weblogger.planet.ui to: org.apache.roller.weblogger.config.runtime; from: org.apache.roller.weblogger.planet.ui to: org.apache.roller.planet.config; from: org.apache.roller.weblogger.planet.tasks to: org.apache.roller.weblogger; from: org.apache.roller.weblogger.planet.tasks to: org.apache.roller.planet.business.updater; from: org.apache.roller.weblogger.planet.tasks to: org.apache.roller.weblogger.business; from: org.apache.roller.weblogger.planet.tasks to: org.apache.roller.weblogger.config; from: org.apache.roller.weblogger.planet.tasks to: org.apache.roller.weblogger.business.startup; from: org.apache.roller.weblogger.planet.tasks to: org.apache.roller.planet.business; from: org.apache.roller.weblogger.planet.tasks to: org.apache.roller.planet.pojos; from: org.apache.roller.weblogger.planet.tasks to: org.apache.roller.weblogger.business.runnable; from: org.apache.roller.weblogger.pojos to: org.apache.roller.weblogger; from: org.apache.roller.weblogger.pojos to: org.apache.roller.weblogger.pojos.wrapper; from: org.apache.roller.weblogger.pojos to: org.apache.roller.weblogger.util; from: org.apache.roller.weblogger.pojos to: org.apache.roller.util; from: org.apache.roller.weblogger.pojos to: org.apache.roller.weblogger.business.themes; from: org.apache.roller.weblogger.pojos to: org.apache.roller.weblogger.business; from: org.apache.roller.weblogger.pojos to: org.apache.roller.weblogger.config; from: org.apache.roller.weblogger.pojos to: org.apache.roller.weblogger.business.plugins; from: org.apache.roller.weblogger.pojos to: org.apache.roller.weblogger.business.plugins.entry; from: org.apache.roller.weblogger.pojos to: org.apache.roller.weblogger.ui.core; from: org.apache.roller.weblogger.pojos.wrapper to: org.apache.roller.weblogger.pojos; from: org.apache.roller.weblogger.pojos.wrapper to: org.apache.roller.weblogger.business; from: org.apache.roller.weblogger.pojos.wrapper to: org.apache.roller.weblogger.util; from: org.apache.roller.weblogger.pojos.wrapper to: org.apache.roller.weblogger.config; from: org.apache.roller.weblogger.pojos.wrapper to: org.apache.roller.weblogger; from: org.apache.roller.weblogger.pojos.wrapper to: org.apache.roller.weblogger.business.plugins; from: org.apache.roller.weblogger.util to: org.apache.roller.weblogger.config; from: org.apache.roller.weblogger.util to: org.apache.roller.weblogger.pojos; from: org.apache.roller.weblogger.util to: org.apache.roller.util; from: org.apache.roller.weblogger.util to: org.apache.roller.weblogger.util.cache; from: org.apache.roller.weblogger.util to: org.apache.roller.weblogger; from: org.apache.roller.weblogger.util to: org.apache.roller.weblogger.business.startup; from: org.apache.roller.weblogger.util to: org.apache.roller.weblogger.business; from: org.apache.roller.weblogger.util.cache to: org.apache.roller.util; from: org.apache.roller.weblogger.util.cache to: org.apache.roller.weblogger.pojos; from: org.apache.roller.weblogger.util.cache to: org.apache.roller.weblogger.util.
java,org.apache.roller.planet.business,Feature Concentration,The tool detected the smell in this component because the component realizes more than one architectural concern/feature. Independent sets of related classes within this component are: [PlanetManager; Planet; Manager; BootstrapException; PlanetProvider; MultiPlanetURLStrategy; PlanetURLStrategy; AbstractManagerImpl]; [InitializationException]. LCC (Lack of Component Cohesion) = 0.22
java,org.apache.roller.planet.business,Cyclic Dependency,The tool detected the smell in this component because this component participates in a cyclic dependency. The participating components in the cycle are: org.apache.roller.planet.business; org.apache.roller.planet.pojos; org.apache.roller.planet.business
java,org.apache.roller.planet.business,Cyclic Dependency,The tool detected the smell in this component because this component participates in a cyclic dependency. The participating components in the cycle are: org.apache.roller.planet.business; org.apache.roller.weblogger.business; org.apache.roller.planet.business
java,org.apache.roller.planet.business,Cyclic Dependency,The tool detected the smell in this component because this component participates in a cyclic dependency. The participating components in the cycle are: org.apache.roller.planet.business; org.apache.roller.planet.business.fetcher; org.apache.roller.planet.pojos; org.apache.roller.planet.business
java,org.apache.roller.planet.business.jpa,Unstable Dependency,The tool detected the smell in this component because this component depends on other components that are less stable than itself. This component depends on following less stable component(s): org.apache.roller.weblogger.business.jpa
java,org.apache.roller.planet.business.jpa,Scattered Functionality,The tool detected the smell in this component because a set of two or more components realizes the same high-level architectural concern. Following components realize the same concern: org.apache.roller.planet.pojos; org.apache.roller.weblogger.business.jpa.
java,org.apache.roller.planet.business.jpa,Cyclic Dependency,The tool detected the smell in this component because this component participates in a cyclic dependency. The participating components in the cycle are: org.apache.roller.planet.business.jpa; org.apache.roller.weblogger.business.jpa; org.apache.roller.planet.business.jpa
java,org.apache.roller.planet.pojos,Unstable Dependency,The tool detected the smell in this component because this component depends on other components that are less stable than itself. This component depends on following less stable component(s): org.apache.roller.planet.business; org.apache.roller.weblogger.business
java,org.apache.roller.planet.pojos,Feature Concentration,The tool detected the smell in this component because the component realizes more than one architectural concern/feature. Independent sets of related classes within this component are: [Template; StaticTemplate]; [SubscriptionEntry; Subscription; Author; Category; PlanetGroup; Planet]. LCC (Lack of Component Cohesion) = 0.25
java,org.apache.roller.planet.util.rome,Feature Concentration,The tool detected the smell in this component because the component realizes more than one architectural concern/feature. Independent sets of related classes within this component are: [ContentModuleParser; ContentModule; ContentModuleGenerator; ContentModuleImpl]; [PlanetRSS091NParser]; [PlanetRSS091UParser]; [PlanetConverterForRSS20]; [PlanetConverterForRSS091N]; [PlanetConverterForRSS091U]. LCC (Lack of Component Cohesion) = 0.67
java,org.apache.roller.weblogger.config,Unstable Dependency,The tool detected the smell in this component because this component depends on other components that are less stable than itself. This component depends on following less stable component(s): org.apache.roller.weblogger.business; org.apache.roller.weblogger.pojos; org.apache.roller.weblogger.business.pings
java,org.apache.roller.weblogger.config,Cyclic Dependency,The tool detected the smell in this component because this component participates in a cyclic dependency. The participating components in the cycle are: org.apache.roller.weblogger.config; org.apache.roller.weblogger.pojos; org.apache.roller.weblogger.ui.core; org.apache.roller.weblogger.ui.core.plugins; org.apache.roller.weblogger.config
java,org.apache.roller.weblogger.webservices.xmlrpc,Scattered Functionality,The tool detected the smell in this component because a set of two or more components realizes the same high-level architectural concern. Following components realize the same concern: org.apache.roller.weblogger.business; org.apache.roller.weblogger.pojos.
java,org.apache.roller.weblogger.webservices.xmlrpc,Scattered Functionality,The tool detected the smell in this component because a set of two or more components realizes the same high-level architectural concern. Following components realize the same concern: org.apache.roller.weblogger.config; org.apache.roller.weblogger.business; org.apache.roller.weblogger.pojos; org.apache.roller.weblogger.ui.core.
java,org.apache.roller.weblogger.webservices.atomprotocol,Scattered Functionality,The tool detected the smell in this component because a set of two or more components realizes the same high-level architectural concern. Following components realize the same concern: org.apache.roller.weblogger.business; org.apache.roller.weblogger.pojos; org.apache.roller.weblogger.business.search.
java,org.apache.roller.weblogger.webservices.atomprotocol,Scattered Functionality,The tool detected the smell in this component because a set of two or more components realizes the same high-level architectural concern. Following components realize the same concern: org.apache.roller.weblogger.business; org.apache.roller.weblogger.pojos; org.apache.roller.weblogger.config.
java,org.apache.roller.weblogger.webservices.atomprotocol,Scattered Functionality,The tool detected the smell in this component because a set of two or more components realizes the same high-level architectural concern. Following components realize the same concern: org.apache.roller.weblogger.business; org.apache.roller.weblogger.pojos.
java,org.apache.roller.weblogger.business,Unstable Dependency,The tool detected the smell in this component because this component depends on other components that are less stable than itself. This component depends on following less stable component(s): org.apache.roller.weblogger.business.pings; org.apache.roller.weblogger.business.search; org.apache.roller.weblogger.business.plugins; org.apache.roller.weblogger.business.themes; org.apache.roller.weblogger.business.runnable; org.apache.roller.planet.business; org.apache.roller.weblogger.business.startup
java,org.apache.roller.weblogger.business,Scattered Functionality,The tool detected the smell in this component because a set of two or more components realizes the same high-level architectural concern. Following components realize the same concern: org.apache.roller.weblogger.pojos; org.apache.roller.weblogger.config.
java,org.apache.roller.weblogger.business,Cyclic Dependency,The tool detected the smell in this component because this component participates in a cyclic dependency. The participating components in the cycle are: org.apache.roller.weblogger.business; org.apache.roller.weblogger.config; org.apache.roller.weblogger.business
java,org.apache.roller.weblogger.business,Cyclic Dependency,The tool detected the smell in this component because this component participates in a cyclic dependency. The participating components in the cycle are: org.apache.roller.weblogger.business; org.apache.roller.weblogger.pojos; org.apache.roller.weblogger.business
java,org.apache.roller.weblogger.business,Cyclic Dependency,The tool detected the smell in this component because this component participates in a cyclic dependency. The participating components in the cycle are: org.apache.roller.weblogger.business; org.apache.roller.weblogger.util; org.apache.roller.weblogger.business
java,org.apache.roller.weblogger.business,Cyclic Dependency,The tool detected the smell in this component because this component participates in a cyclic dependency. The participating components in the cycle are: org.apache.roller.weblogger.business; org.apache.roller.weblogger.business.pings; org.apache.roller.weblogger.business
java,org.apache.roller.weblogger.business,Cyclic Dependency,The tool detected the smell in this component because this component participates in a cyclic dependency. The participating components in the cycle are: org.apache.roller.weblogger.business; org.apache.roller.weblogger.business.search; org.apache.roller.weblogger.business
java,org.apache.roller.weblogger.business,Cyclic Dependency,The tool detected the smell in this component because this component participates in a cyclic dependency. The participating components in the cycle are: org.apache.roller.weblogger.business; org.apache.roller.weblogger.business.themes; org.apache.roller.weblogger.business
java,org.apache.roller.weblogger.business,Cyclic Dependency,The tool detected the smell in this component because this component participates in a cyclic dependency. The participating components in the cycle are: org.apache.roller.weblogger.business; org.apache.roller.weblogger.business.runnable; org.apache.roller.weblogger.business
java,org.apache.roller.weblogger.business,Cyclic Dependency,The tool detected the smell in this component because this component participates in a cyclic dependency. The participating components in the cycle are: org.apache.roller.weblogger.business; org.apache.roller.weblogger.business.startup; org.apache.roller.weblogger.business
java,org.apache.roller.weblogger.business.plugins.entry,Cyclic Dependency,The tool detected the smell in this component because this component participates in a cyclic dependency. The participating components in the cycle are: org.apache.roller.weblogger.business.plugins.entry; org.apache.roller.weblogger.pojos; org.apache.roller.weblogger.business.plugins.entry
java,org.apache.roller.weblogger.business.plugins,Unstable Dependency,The tool detected the smell in this component because this component depends on other components that are less stable than itself. This component depends on following less stable component(s): org.apache.roller.weblogger.business.plugins.entry
java,org.apache.roller.weblogger.business.plugins,Cyclic Dependency,The tool detected the smell in this component because this component participates in a cyclic dependency. The participating components in the cycle are: org.apache.roller.weblogger.business.plugins; org.apache.roller.weblogger.pojos; org.apache.roller.weblogger.business.plugins
java,org.apache.roller.weblogger.business.search.lucene,Scattered Functionality,The tool detected the smell in this component because a set of two or more components realizes the same high-level architectural concern. Following components realize the same concern: org.apache.roller.weblogger.pojos; org.apache.roller.weblogger.business.
java,org.apache.roller.weblogger.business.search.lucene,Scattered Functionality,The tool detected the smell in this component because a set of two or more components realizes the same high-level architectural concern. Following components realize the same concern: org.apache.roller.weblogger.business; org.apache.roller.weblogger.business.runnable.
java,org.apache.roller.weblogger.business.jpa,Scattered Functionality,The tool detected the smell in this component because a set of two or more components realizes the same high-level architectural concern. Following components realize the same concern: org.apache.roller.weblogger.pojos; org.apache.roller.weblogger.business; org.apache.roller.weblogger.business.pings.
java,org.apache.roller.weblogger.business.jpa,Scattered Functionality,The tool detected the smell in this component because a set of two or more components realizes the same high-level architectural concern. Following components realize the same concern: org.apache.roller.weblogger.business; org.apache.roller.weblogger.pojos.
java,org.apache.roller.weblogger.business.jpa,Scattered Functionality,The tool detected the smell in this component because a set of two or more components realizes the same high-level architectural concern. Following components realize the same concern: org.apache.roller.weblogger.pojos; org.apache.roller.weblogger.business; org.apache.roller.weblogger.util.
java,org.apache.roller.weblogger.business.pings,Unstable Dependency,The tool detected the smell in this component because this component depends on other components that are less stable than itself. This component depends on following less stable component(s): org.apache.roller.weblogger.business.runnable
java,org.apache.roller.weblogger.business.pings,Feature Concentration,The tool detected the smell in this component because the component realizes more than one architectural concern/feature. Independent sets of related classes within this component are: [PingQueueTask; PingQueueProcessor; PingQueueManager; WeblogUpdatePinger; WeblogUpdatePinger.PingResult]; [AutoPingManager]; [PingTargetManager]. LCC (Lack of Component Cohesion) = 0.43
java,org.apache.roller.weblogger.business.pings,Scattered Functionality,The tool detected the smell in this component because a set of two or more components realizes the same high-level architectural concern. Following components realize the same concern: org.apache.roller.weblogger.pojos; org.apache.roller.weblogger.config.
java,org.apache.roller.weblogger.business.themes,Scattered Functionality,The tool detected the smell in this component because a set of two or more components realizes the same high-level architectural concern. Following components realize the same concern: org.apache.roller.weblogger.business; org.apache.roller.weblogger.pojos.
java,org.apache.roller.weblogger.business.runnable,Feature Concentration,The tool detected the smell in this component because the component realizes more than one architectural concern/feature. Independent sets of related classes within this component are: [ThreadManagerImpl; ThreadManager; RollerTask; ResetHitCountsTask; RollerTaskWithLeasing; TaskScheduler; ScheduledEntriesTask]; [ContinuousWorkerThread; Job; WorkerThread; HitCountProcessingJob]; [TaskRunner]. LCC (Lack of Component Cohesion) = 0.25
java,org.apache.roller.weblogger.ui.struts2.editor,God Component,The tool detected the smell in this component because the component contains high number of classes. Number of classes in the component are: 39
java,org.apache.roller.weblogger.ui.struts2.editor,Feature Concentration,The tool detected the smell in this component because the component realizes more than one architectural concern/feature. Independent sets of related classes within this component are: [StylesheetEdit]; [MediaFileBean; MediaFileImageDim; MediaFileAdd; MediaFileEdit; EntryAddWithMediaFile; MediaFileBase; EntryBean; EntryEdit; MediaFileImageChooser; MediaFileView; MediaFileSearchBean]; [WeblogRemove]; [TemplateEdit; TemplateEditBean]; [WeblogConfig; WeblogConfigBean]; [BookmarkEdit; BookmarkBean]; [Categories]; [Maintenance]; [Templates]; [CommentsBean; Comments]; [EntryRemove]; [Pings]; [FolderEdit; FolderBean]; [MembersInvite]; [CategoryEdit; CategoryBean]; [Members]; [BookmarksImport]; [Bookmarks]; [MemberResign]; [EntriesBean; Entries]; [CategoryRemove]; [ThemeEdit]. LCC (Lack of Component Cohesion) = 0.56
java,org.apache.roller.weblogger.ui.struts2.editor,Scattered Functionality,The tool detected the smell in this component because a set of two or more components realizes the same high-level architectural concern. Following components realize the same concern: org.apache.roller.weblogger.pojos; org.apache.roller.weblogger.business; org.apache.roller.weblogger.ui.struts2.util; org.apache.roller.weblogger.business.themes.
java,org.apache.roller.weblogger.ui.struts2.editor,Scattered Functionality,The tool detected the smell in this component because a set of two or more components realizes the same high-level architectural concern. Following components realize the same concern: org.apache.roller.weblogger.pojos; org.apache.roller.weblogger.business; org.apache.roller.weblogger.ui.struts2.util.
java,org.apache.roller.weblogger.ui.struts2.editor,Scattered Functionality,The tool detected the smell in this component because a set of two or more components realizes the same high-level architectural concern. Following components realize the same concern: org.apache.roller.weblogger.ui.struts2.util; org.apache.roller.weblogger.pojos.
java,org.apache.roller.weblogger.ui.struts2.editor,Scattered Functionality,The tool detected the smell in this component because a set of two or more components realizes the same high-level architectural concern. Following components realize the same concern: org.apache.roller.weblogger.ui.struts2.util; org.apache.roller.weblogger.business.
java,org.apache.roller.weblogger.ui.struts2.editor,Scattered Functionality,The tool detected the smell in this component because a set of two or more components realizes the same high-level architectural concern. Following components realize the same concern: org.apache.roller.weblogger.pojos; org.apache.roller.weblogger.ui.struts2.util; org.apache.roller.weblogger.business; org.apache.roller.weblogger.business.pings.
java,org.apache.roller.weblogger.ui.struts2.editor,Scattered Functionality,The tool detected the smell in this component because a set of two or more components realizes the same high-level architectural concern. Following components realize the same concern: org.apache.roller.weblogger.ui.struts2.util; org.apache.roller.weblogger.business; org.apache.roller.weblogger.business.pings.
java,org.apache.roller.weblogger.ui.struts2.editor,Scattered Functionality,The tool detected the smell in this component because a set of two or more components realizes the same high-level architectural concern. Following components realize the same concern: org.apache.roller.weblogger.config; org.apache.roller.weblogger.ui.struts2.util.
java,org.apache.roller.weblogger.ui.struts2.editor,Scattered Functionality,The tool detected the smell in this component because a set of two or more components realizes the same high-level architectural concern. Following components realize the same concern: org.apache.roller.weblogger.business; org.apache.roller.weblogger.pojos.
java,org.apache.roller.weblogger.ui.struts2.ajax,Scattered Functionality,The tool detected the smell in this component because a set of two or more components realizes the same high-level architectural concern. Following components realize the same concern: org.apache.roller.weblogger.pojos; org.apache.roller.weblogger.ui.core; org.apache.roller.weblogger.business.
java,org.apache.roller.weblogger.ui.struts2.core,Feature Concentration,The tool detected the smell in this component because the component realizes more than one architectural concern/feature. Independent sets of related classes within this component are: [OAuthAuthorize]; [OAuthKeys]; [MainMenu]; [CreateWeblogBean; CreateWeblog; Register; Profile; ProfileBean]; [Setup]; [Login]; [Install]. LCC (Lack of Component Cohesion) = 0.64
java,org.apache.roller.weblogger.ui.struts2.core,Scattered Functionality,The tool detected the smell in this component because a set of two or more components realizes the same high-level architectural concern. Following components realize the same concern: org.apache.roller.weblogger.ui.struts2.util; org.apache.roller.weblogger.pojos; org.apache.roller.weblogger.business; org.apache.roller.weblogger.config.
java,org.apache.roller.weblogger.ui.struts2.core,Scattered Functionality,The tool detected the smell in this component because a set of two or more components realizes the same high-level architectural concern. Following components realize the same concern: org.apache.roller.weblogger.business; org.apache.roller.weblogger.ui.struts2.util.
java,org.apache.roller.weblogger.ui.struts2.core,Scattered Functionality,The tool detected the smell in this component because a set of two or more components realizes the same high-level architectural concern. Following components realize the same concern: org.apache.roller.weblogger.pojos; org.apache.roller.weblogger.ui.struts2.util; org.apache.roller.weblogger.business.
java,org.apache.roller.weblogger.ui.struts2.core,Scattered Functionality,The tool detected the smell in this component because a set of two or more components realizes the same high-level architectural concern. Following components realize the same concern: org.apache.roller.weblogger.ui.struts2.util; org.apache.roller.weblogger.business; org.apache.roller.weblogger.business.startup.
java,org.apache.roller.weblogger.ui.struts2.admin,Feature Concentration,The tool detected the smell in this component because the component realizes more than one architectural concern/feature. Independent sets of related classes within this component are: [PingTargetEdit; PingTargetBean]; [GlobalCommentManagementBean; GlobalCommentManagement]; [CacheInfo]; [GlobalConfig]; [UserEdit; CreateUserBean; UserAdmin]; [PingTargets]. LCC (Lack of Component Cohesion) = 0.6
java,org.apache.roller.weblogger.ui.struts2.admin,Scattered Functionality,The tool detected the smell in this component because a set of two or more components realizes the same high-level architectural concern. Following components realize the same concern: org.apache.roller.weblogger.business; org.apache.roller.weblogger.pojos; org.apache.roller.weblogger.ui.struts2.util; org.apache.roller.weblogger.business.pings.
java,org.apache.roller.weblogger.ui.struts2.admin,Scattered Functionality,The tool detected the smell in this component because a set of two or more components realizes the same high-level architectural concern. Following components realize the same concern: org.apache.roller.weblogger.pojos; org.apache.roller.weblogger.business.
java,org.apache.roller.weblogger.ui.struts2.admin,Scattered Functionality,The tool detected the smell in this component because a set of two or more components realizes the same high-level architectural concern. Following components realize the same concern: org.apache.roller.weblogger.pojos; org.apache.roller.weblogger.business; org.apache.roller.weblogger.ui.struts2.util.
java,org.apache.roller.weblogger.ui.struts2.util,Feature Concentration,The tool detected the smell in this component because the component realizes more than one architectural concern/feature. Independent sets of related classes within this component are: [UISecurityInterceptor; UISecurityEnforced; UIAction; UIUtils; UIActionInterceptor; UIActionPrepareInterceptor; UIActionPreparable]; [UIUtils.LocaleComparator]; [KeyValueObject]. LCC (Lack of Component Cohesion) = 0.33
java,org.apache.roller.weblogger.ui.core.tags.calendar,Scattered Functionality,The tool detected the smell in this component because a set of two or more components realizes the same high-level architectural concern. Following components realize the same concern: org.apache.roller.weblogger.pojos; org.apache.roller.weblogger.business.
java,org.apache.roller.weblogger.ui.core,Unstable Dependency,The tool detected the smell in this component because this component depends on other components that are less stable than itself. This component depends on following less stable component(s): org.apache.roller.weblogger.ui.core.security
java,org.apache.roller.weblogger.ui.core,Feature Concentration,The tool detected the smell in this component because the component realizes more than one architectural concern/feature. Independent sets of related classes within this component are: [RollerContext; RollerSession; RollerLoginSessionManager; RollerLoginSessionManager.SingletonHolder; CmaRollerContext]; [RollerLoginSessionManager.SessionCacheHandler]. LCC (Lack of Component Cohesion) = 0.33
java,org.apache.roller.weblogger.ui.core.filters,Feature Concentration,The tool detected the smell in this component because the component realizes more than one architectural concern/feature. Independent sets of related classes within this component are: [ValidateSaltFilter]; [RoleAssignmentFilter]; [RoleAssignmentRequestWrapper]; [IPBanFilter]; [LoadSaltFilter]; [PersistenceSessionFilter]; [CharEncodingFilter]; [DebugFilter]; [SpringFirewallExceptionFilter]; [CustomOpenIDAuthenticationProcessingFilter]; [InitFilter]; [BootstrapFilter]. LCC (Lack of Component Cohesion) = 1.0
java,org.apache.roller.weblogger.ui.core.filters,Scattered Functionality,The tool detected the smell in this component because a set of two or more components realizes the same high-level architectural concern. Following components realize the same concern: org.apache.roller.weblogger.ui.core; org.apache.roller.weblogger.ui.rendering.util.cache; org.apache.roller.weblogger.pojos.
java,org.apache.roller.weblogger.ui.core.security,Feature Concentration,The tool detected the smell in this component because the component realizes more than one architectural concern/feature. Independent sets of related classes within this component are: [CustomUserRegistry; BasicUserAutoProvision; RollerUserDetails; AutoProvision]; [RollerRememberMeServices]; [RollerUserDetailsService]; [AuthoritiesPopulator]; [RollerRememberMeAuthenticationProvider]. LCC (Lack of Component Cohesion) = 0.63
java,org.apache.roller.weblogger.ui.rendering,Feature Concentration,The tool detected the smell in this component because the component realizes more than one architectural concern/feature. Independent sets of related classes within this component are: [RenderingException; Renderer; RendererFactory; RendererManager]; [RequestMapper; WeblogRequestMapper]. LCC (Lack of Component Cohesion) = 0.33
java,org.apache.roller.weblogger.ui.rendering.plugins.comments,Scattered Functionality,The tool detected the smell in this component because a set of two or more components realizes the same high-level architectural concern. Following components realize the same concern: org.apache.roller.weblogger.pojos; org.apache.roller.weblogger.util.
java,org.apache.roller.weblogger.ui.rendering.model,Unstable Dependency,The tool detected the smell in this component because this component depends on other components that are less stable than itself. This component depends on following less stable component(s): org.apache.roller.weblogger.business.jpa
java,org.apache.roller.weblogger.ui.rendering.model,Feature Concentration,The tool detected the smell in this component because the component realizes more than one architectural concern/feature. Independent sets of related classes within this component are: [CalendarModel; Model; PageModel; ModelLoader; PreviewPageModel; URLModel; URLModel.FeedURLS; UtilitiesModel; SiteModel; SearchResultsModel; MenuModel; PreviewURLModel; MessageModel; SearchResultsFeedModel; FeedModel; ConfigModel; PlanetModel]; [FeedModel.FeedEntriesPager]; [FeedModel.FeedCommentsPager]; [FeedModel.FeedFilesPager]; [URLModel.EntryFeedURLS]; [URLModel.CommentFeedURLS]; [URLModel.MediaFileFeedURLS]. LCC (Lack of Component Cohesion) = 0.3
java,org.apache.roller.weblogger.ui.rendering.model,Scattered Functionality,The tool detected the smell in this component because a set of two or more components realizes the same high-level architectural concern. Following components realize the same concern: org.apache.roller.weblogger.business; org.apache.roller.weblogger.ui.rendering.util.
java,org.apache.roller.weblogger.ui.rendering.model,Scattered Functionality,The tool detected the smell in this component because a set of two or more components realizes the same high-level architectural concern. Following components realize the same concern: org.apache.roller.weblogger.ui.rendering.util; org.apache.roller.weblogger.pojos.wrapper.
java,org.apache.roller.weblogger.ui.rendering.model,Scattered Functionality,The tool detected the smell in this component because a set of two or more components realizes the same high-level architectural concern. Following components realize the same concern: org.apache.roller.weblogger.business; org.apache.roller.planet.business.
java,org.apache.roller.weblogger.ui.rendering.model,Scattered Functionality,The tool detected the smell in this component because a set of two or more components realizes the same high-level architectural concern. Following components realize the same concern: org.apache.roller.weblogger.pojos.wrapper; org.apache.roller.weblogger.pojos; org.apache.roller.weblogger.ui.rendering.util.
java,org.apache.roller.weblogger.ui.rendering.model,Scattered Functionality,The tool detected the smell in this component because a set of two or more components realizes the same high-level architectural concern. Following components realize the same concern: org.apache.roller.weblogger.pojos; org.apache.roller.weblogger.business.
java,org.apache.roller.weblogger.ui.rendering.model,Scattered Functionality,The tool detected the smell in this component because a set of two or more components realizes the same high-level architectural concern. Following components realize the same concern: org.apache.roller.weblogger.pojos; org.apache.roller.weblogger.business; org.apache.roller.weblogger.pojos.wrapper.
java,org.apache.roller.weblogger.ui.rendering.model,Scattered Functionality,The tool detected the smell in this component because a set of two or more components realizes the same high-level architectural concern. Following components realize the same concern: org.apache.roller.weblogger.business; org.apache.roller.weblogger.pojos.wrapper.
java,org.apache.roller.weblogger.ui.rendering.model,Scattered Functionality,The tool detected the smell in this component because a set of two or more components realizes the same high-level architectural concern. Following components realize the same concern: org.apache.roller.weblogger.business; org.apache.roller.weblogger.business.jpa.
java,org.apache.roller.weblogger.ui.rendering.velocity,Feature Concentration,The tool detected the smell in this component because the component realizes more than one architectural concern/feature. Independent sets of related classes within this component are: [RollerVelocity]; [WebappResourceLoader]; [RollerResourceLoader]; [VelocityRenderer; VelocityRendererFactory]; [ThemeResourceLoader]. LCC (Lack of Component Cohesion) = 0.83
java,org.apache.roller.weblogger.ui.rendering.servlets,Feature Concentration,The tool detected the smell in this component because the component realizes more than one architectural concern/feature. Independent sets of related classes within this component are: [FeedServlet]; [PageServlet]; [SearchServlet]; [PlanetFeedServlet]; [RSDServlet]; [MediaResourceServlet]; [TrackbackServlet]; [CommentAuthenticatorServlet]; [CommentServlet]; [PreviewResourceServlet]; [PreviewServlet]; [ResourceServlet]. LCC (Lack of Component Cohesion) = 1.0
java,org.apache.roller.weblogger.ui.rendering.servlets,Scattered Functionality,The tool detected the smell in this component because a set of two or more components realizes the same high-level architectural concern. Following components realize the same concern: org.apache.roller.weblogger.ui.rendering.util; org.apache.roller.weblogger.pojos; org.apache.roller.weblogger.business.
java,org.apache.roller.weblogger.ui.rendering.servlets,Scattered Functionality,The tool detected the smell in this component because a set of two or more components realizes the same high-level architectural concern. Following components realize the same concern: org.apache.roller.weblogger.config; org.apache.roller.weblogger.util.
java,org.apache.roller.weblogger.ui.rendering.pagers,Scattered Functionality,The tool detected the smell in this component because a set of two or more components realizes the same high-level architectural concern. Following components realize the same concern: org.apache.roller.weblogger.pojos; org.apache.roller.weblogger.util.
java,org.apache.roller.weblogger.ui.rendering.pagers,Scattered Functionality,The tool detected the smell in this component because a set of two or more components realizes the same high-level architectural concern. Following components realize the same concern: org.apache.roller.weblogger.pojos; org.apache.roller.weblogger.business; org.apache.roller.weblogger.pojos.wrapper.
java,org.apache.roller.weblogger.ui.rendering.pagers,Scattered Functionality,The tool detected the smell in this component because a set of two or more components realizes the same high-level architectural concern. Following components realize the same concern: org.apache.roller.weblogger.pojos; org.apache.roller.weblogger.business.
java,org.apache.roller.weblogger.ui.rendering.pagers,Scattered Functionality,The tool detected the smell in this component because a set of two or more components realizes the same high-level architectural concern. Following components realize the same concern: org.apache.roller.weblogger.business; org.apache.roller.weblogger.pojos.wrapper.
java,org.apache.roller.weblogger.ui.rendering.pagers,Scattered Functionality,The tool detected the smell in this component because a set of two or more components realizes the same high-level architectural concern. Following components realize the same concern: org.apache.roller.weblogger.pojos; org.apache.roller.weblogger.ui.rendering.util.
java,org.apache.roller.weblogger.ui.rendering.util,Unstable Dependency,The tool detected the smell in this component because this component depends on other components that are less stable than itself. This component depends on following less stable component(s): org.apache.roller.weblogger.pojos.wrapper; org.apache.roller.weblogger.business.themes
java,org.apache.roller.weblogger.ui.rendering.util,Feature Concentration,The tool detected the smell in this component because the component realizes more than one architectural concern/feature. Independent sets of related classes within this component are: [WeblogMediaResourceRequest; InvalidRequestException; ParsedRequest; WeblogSearchRequest; WeblogFeedRequest; PlanetRequest; WeblogPreviewRequest; WeblogPageRequest; WeblogCommentRequest; WeblogRequest; WeblogResourceRequest; WeblogPreviewResourceRequest; WeblogTrackbackRequest]; [ModDateHeaderUtil]; [WeblogEntryCommentForm]. LCC (Lack of Component Cohesion) = 0.2
java,org.apache.roller.weblogger.ui.rendering.util,Scattered Functionality,The tool detected the smell in this component because a set of two or more components realizes the same high-level architectural concern. Following components realize the same concern: org.apache.roller.weblogger.business; org.apache.roller.weblogger.business.themes.
java,org.apache.roller.weblogger.ui.rendering.util.mobile,Feature Concentration,The tool detected the smell in this component because the component realizes more than one architectural concern/feature. Independent sets of related classes within this component are: [DeviceResolver; Device; MobileDeviceRepository; DeviceUtils; LiteDevice; LiteDeviceResolver; DeviceType]; [MobileDeviceRepository.DeviceType]. LCC (Lack of Component Cohesion) = 0.25
java,org.apache.roller.weblogger.ui.rendering.util.cache,Unstable Dependency,The tool detected the smell in this component because this component depends on other components that are less stable than itself. This component depends on following less stable component(s): org.apache.roller.weblogger.ui.rendering.model
java,org.apache.roller.weblogger.ui.rendering.util.cache,Feature Concentration,The tool detected the smell in this component because the component realizes more than one architectural concern/feature. Independent sets of related classes within this component are: [PlanetCache]; [SaltCache]; [WeblogPageCache]; [SiteWideCache]; [WeblogFeedCache; WeblogCacheWarmupJob]. LCC (Lack of Component Cohesion) = 0.83
java,org.apache.roller.weblogger.ui.rendering.util.cache,Scattered Functionality,The tool detected the smell in this component because a set of two or more components realizes the same high-level architectural concern. Following components realize the same concern: org.apache.roller.weblogger.config; org.apache.roller.weblogger.util.cache.
java,org.apache.roller.weblogger.ui.rendering.util.cache,Scattered Functionality,The tool detected the smell in this component because a set of two or more components realizes the same high-level architectural concern. Following components realize the same concern: org.apache.roller.weblogger.pojos; org.apache.roller.weblogger.config.
java,org.apache.roller.weblogger.planet.ui,Scattered Functionality,The tool detected the smell in this component because a set of two or more components realizes the same high-level architectural concern. Following components realize the same concern: org.apache.roller.weblogger.ui.struts2.util; org.apache.roller.weblogger.business; org.apache.roller.planet.pojos; org.apache.roller.planet.business.
java,org.apache.roller.weblogger.planet.ui,Scattered Functionality,The tool detected the smell in this component because a set of two or more components realizes the same high-level architectural concern. Following components realize the same concern: org.apache.roller.weblogger.business; org.apache.roller.planet.business.
java,org.apache.roller.weblogger.planet.ui,Scattered Functionality,The tool detected the smell in this component because a set of two or more components realizes the same high-level architectural concern. Following components realize the same concern: org.apache.roller.planet.pojos; org.apache.roller.weblogger.ui.struts2.util.
java,org.apache.roller.weblogger.planet.tasks,Scattered Functionality,The tool detected the smell in this component because a set of two or more components realizes the same high-level architectural concern. Following components realize the same concern: org.apache.roller.weblogger.business.runnable; org.apache.roller.weblogger.config; org.apache.roller.weblogger.business.startup; org.apache.roller.weblogger.business.
java,org.apache.roller.weblogger.pojos,God Component,The tool detected the smell in this component because the component contains high number of classes. Number of classes in the component are: 62
java,org.apache.roller.weblogger.pojos,Unstable Dependency,The tool detected the smell in this component because this component depends on other components that are less stable than itself. This component depends on following less stable component(s): org.apache.roller.weblogger.pojos.wrapper; org.apache.roller.weblogger.util; org.apache.roller.weblogger.business.themes; org.apache.roller.weblogger.business; org.apache.roller.weblogger.business.plugins; org.apache.roller.weblogger.business.plugins.entry; org.apache.roller.weblogger.ui.core
java,org.apache.roller.weblogger.pojos,Cyclic Dependency,The tool detected the smell in this component because this component participates in a cyclic dependency. The participating components in the cycle are: org.apache.roller.weblogger.pojos; org.apache.roller.weblogger.pojos.wrapper; org.apache.roller.weblogger.pojos
java,org.apache.roller.weblogger.pojos,Cyclic Dependency,The tool detected the smell in this component because this component participates in a cyclic dependency. The participating components in the cycle are: org.apache.roller.weblogger.pojos; org.apache.roller.weblogger.ui.core; org.apache.roller.weblogger.pojos
java,org.apache.roller.weblogger.pojos,Cyclic Dependency,The tool detected the smell in this component because this component participates in a cyclic dependency. The participating components in the cycle are: org.apache.roller.weblogger.pojos; org.apache.roller.weblogger.ui.core; org.apache.roller.weblogger.ui.core.security; org.apache.roller.weblogger.pojos
java,org.apache.roller.weblogger.pojos.wrapper,Feature Concentration,The tool detected the smell in this component because the component realizes more than one architectural concern/feature. Independent sets of related classes within this component are: [WeblogEntryWrapper; UserWrapper; WeblogWrapper; WeblogCategoryWrapper; WeblogEntryTagWrapper; WeblogBookmarkFolderWrapper; WeblogEntryCommentWrapper; WeblogBookmarkWrapper; ThemeTemplateWrapper]; [WeblogEntryAttributeWrapper]. LCC (Lack of Component Cohesion) = 0.2
java,org.apache.roller.weblogger.pojos.wrapper,Scattered Functionality,The tool detected the smell in this component because a set of two or more components realizes the same high-level architectural concern. Following components realize the same concern: org.apache.roller.weblogger.pojos; org.apache.roller.weblogger.util.
java,org.apache.roller.weblogger.pojos.wrapper,Scattered Functionality,The tool detected the smell in this component because a set of two or more components realizes the same high-level architectural concern. Following components realize the same concern: org.apache.roller.weblogger.pojos; org.apache.roller.weblogger.business.
java,org.apache.roller.weblogger.util,God Component,The tool detected the smell in this component because the component contains high number of classes. Number of classes in the component are: 32
java,org.apache.roller.weblogger.util,Unstable Dependency,The tool detected the smell in this component because this component depends on other components that are less stable than itself. This component depends on following less stable component(s): org.apache.roller.weblogger.util.cache; org.apache.roller.weblogger.business.startup; org.apache.roller.weblogger.business
java,org.apache.roller.weblogger.util,Feature Concentration,The tool detected the smell in this component because the component realizes more than one architectural concern/feature. Independent sets of related classes within this component are: [I18nUtils; I18nMessages; MailUtil; MailUtil.MailingException; Utilities; PasswordUtility; Trackback; URLUtilities; TrackbackNotAllowedException; LinkbackExtractor; RollerMessages]; [Reflection]; [BannedwordslistChecker; Bannedwordslist]; [MediacastUtil; MediacastException; MediacastResource]; [GenericThrottle; GenericThrottle.ClientInfo]; [LRUCache2; LRUCache2.Environment; LRUCache2.DefaultEnvironment; LRUCache2.CacheEntry; LRUCache2.LRULinkedHashMap]; [HTMLSanitizer; HTMLSanitizer.SanitizeResult]; [IPBanList; IPBanList.ModifiedFile]; [StandaloneWebappClassLoader]; [LinkbackExtractor.LinkbackCallback]; [RollerMessages.RollerMessage]; [WSSEUtilities]. LCC (Lack of Component Cohesion) = 0.38
java,org.apache.roller.weblogger.util,Scattered Functionality,The tool detected the smell in this component because a set of two or more components realizes the same high-level architectural concern. Following components realize the same concern: org.apache.roller.weblogger.pojos; org.apache.roller.weblogger.config.
java,org.apache.roller.weblogger.util,Scattered Functionality,The tool detected the smell in this component because a set of two or more components realizes the same high-level architectural concern. Following components realize the same concern: org.apache.roller.weblogger.pojos; org.apache.roller.weblogger.business; org.apache.roller.weblogger.business.startup; org.apache.roller.weblogger.config.
java,org.apache.roller.weblogger.util,Cyclic Dependency,The tool detected the smell in this component because this component participates in a cyclic dependency. The participating components in the cycle are: org.apache.roller.weblogger.util; org.apache.roller.weblogger.util.cache; org.apache.roller.weblogger.util
java,org.apache.roller.weblogger.util.cache,Feature Concentration,The tool detected the smell in this component because the component realizes more than one architectural concern/feature. Independent sets of related classes within this component are: [CacheFactory; Cache; LRUCacheImpl; LRUCacheImpl.LRULinkedHashMap; LRUCacheFactoryImpl; ExpiringLRUCacheFactoryImpl; CacheManager; ExpiringLRUCacheImpl; ExpiringCacheEntry; CacheHandler]; [LazyExpiringCacheEntry]; [CachedContent]. LCC (Lack of Component Cohesion) = 0.25
java,org.apache.roller.util,Feature Concentration,The tool detected the smell in this component because the component realizes more than one architectural concern/feature. Independent sets of related classes within this component are: [UUIDGenerator]; [DateUtil; ISO8601DateParser]; [RollerConstants]; [PropertyExpander]; [RegexUtil]. LCC (Lack of Component Cohesion) = 0.83
